episode,total_reward,epsilon,total_steps
0,-2000.0,0.99,1999
1,-2000.0,0.9801,1999
2,-2000.0,0.9702989999999999,1999
3,-2000.0,0.96059601,1999
